produit,quantite,ca_eur,ca_cfa,part_marche
Téléphone,45,26999.55,17710624.818,54.11
Ordinateur portable,19,18999.81,12463115.367600001,38.08
Casque audio,39,3899.6099999999997,2557988.1755999997,7.82
